"Date","Price","Open","High","Low","Vol.","Change %"
"12/29/2023","12.00","12.10","12.10","12.00","7.60K","-0.83%"
"12/28/2023","12.10","13.00","13.00","12.00","5.31K","0.83%"
"12/27/2023","12.00","11.80","12.00","11.80","34.98K","5.26%"
"12/22/2023","11.40","12.00","12.00","11.40","83.36K","-5.00%"
"12/21/2023","12.00","12.10","12.10","11.90","57.11K","0.00%"
"12/20/2023","12.00","12.00","12.20","12.00","89.78K","-0.83%"
"12/19/2023","12.10","12.30","12.50","12.10","73.12K","-2.42%"
"12/18/2023","12.40","12.50","12.80","12.30","1.73K","-0.80%"
"12/15/2023","12.50","12.50","12.50","12.50","0.25K","0.00%"
"12/14/2023","12.50","12.70","12.70","12.50","6.15K","0.00%"
"12/13/2023","12.50","12.50","12.50","12.30","63.39K","-3.10%"
"12/12/2023","12.90","13.20","13.20","12.50","6.49K","3.20%"
"12/11/2023","12.50","13.00","13.00","12.50","2.06K","-3.85%"
"12/08/2023","13.00","13.30","13.30","12.50","1.18K","5.69%"
"12/07/2023","12.30","12.40","13.30","12.30","0.32K","0.00%"
"12/06/2023","12.30","13.10","13.10","12.30","1.42K","-5.38%"
"12/05/2023","13.00","13.10","13.10","12.00","118.42K","-3.70%"
"12/04/2023","13.50","13.60","13.60","13.00","16.79K","3.05%"
"12/01/2023","13.10","14.00","14.00","13.10","6.33K","-6.43%"
"11/30/2023","14.00","13.60","14.00","12.90","87.46K","6.87%"
"11/29/2023","13.10","13.40","13.50","13.10","1.13K","0.77%"
"11/28/2023","13.00","13.10","13.10","12.90","3.15K","-1.52%"
"11/24/2023","13.20","13.30","13.30","13.20","23.66K","-1.49%"
"11/23/2023","13.40","13.60","13.60","13.40","17.18K","-2.19%"
"11/22/2023","13.70","13.80","13.80","13.40","64.99K","-3.52%"
"11/21/2023","14.20","14.20","14.20","14.10","20.03K","2.90%"
"11/20/2023","13.80","14.20","14.20","13.80","1.54K","-4.83%"
"11/17/2023","14.50","14.40","14.50","14.00","5.19K","0.69%"
"11/16/2023","14.40","15.30","15.30","14.00","39.41K","-6.49%"
"11/15/2023","15.40","15.50","15.50","14.60","0.06K","0.00%"
"11/14/2023","15.40","15.40","15.40","14.60","3.78K","0.00%"
"11/13/2023","15.40","15.40","15.50","14.60","18.83K","4.76%"
"11/10/2023","14.70","14.60","14.70","14.40","3.33K","0.68%"
"11/09/2023","14.60","14.90","16.70","14.50","189.97K","1.39%"
"11/07/2023","14.40","15.20","15.20","14.30","16.00K","-0.69%"
"11/06/2023","14.50","16.00","16.00","14.50","1.00K","0.00%"
"11/03/2023","14.50","14.70","14.70","14.50","51.45K","-1.36%"
"11/02/2023","14.70","15.00","15.00","14.70","2.50K","0.68%"
"11/01/2023","14.60","14.60","14.60","14.60","0.35K","-1.35%"
"10/30/2023","14.80","14.50","14.90","14.50","0.15K","2.07%"
"10/27/2023","14.50","14.70","15.00","14.50","30.32K","-3.97%"
"10/26/2023","15.10","14.90","15.10","14.90","13.46K","0.67%"
"10/25/2023","15.00","15.50","15.50","15.00","280.28K","-0.66%"
"10/24/2023","15.10","15.50","15.50","15.10","91.22K","-1.95%"
"10/23/2023","15.40","15.20","15.50","15.20","2.42K","-2.53%"
"10/20/2023","15.80","15.80","15.80","15.80","0.01K","0.64%"
"10/19/2023","15.70","15.70","15.70","15.20","0.06K","0.00%"
"10/18/2023","15.70","15.90","16.00","15.20","3.99K","-1.26%"
"10/17/2023","15.90","16.10","16.10","15.90","2.02K","0.00%"
"10/16/2023","15.90","16.40","16.40","15.90","0.78K","-3.05%"
"10/13/2023","16.40","16.40","16.40","16.40","0.00K","3.80%"
"10/12/2023","15.80","16.50","16.50","15.70","22.02K","0.64%"
"10/11/2023","15.70","16.00","16.00","15.60","39.55K","-3.68%"
"10/10/2023","16.30","16.20","16.30","16.20","9.04K","4.49%"
"10/09/2023","15.60","16.10","16.10","15.50","44.55K","-3.11%"
"10/06/2023","16.10","16.70","16.70","16.10","24.81K","-2.42%"
"10/05/2023","16.50","16.50","16.60","16.40","195.11K","0.00%"
"10/04/2023","16.50","16.60","16.60","16.10","9.15K","2.48%"
"10/03/2023","16.10","16.20","16.60","16.10","66.22K","-0.62%"
"10/02/2023","16.20","16.60","16.60","16.20","41.95K","-2.99%"
"09/27/2023","16.70","16.90","16.90","16.60","2.20K","-1.18%"
"09/26/2023","16.90","16.60","16.90","16.60","20.30K","1.81%"
"09/25/2023","16.60","16.80","16.90","16.60","19.98K","0.00%"
"09/22/2023","16.60","16.90","17.00","16.60","3.18K","0.00%"
"09/21/2023","16.60","16.60","16.60","16.60","24.42K","0.00%"
"09/20/2023","16.60","16.70","16.90","16.60","68.00K","-1.78%"
"09/19/2023","16.90","16.80","16.90","16.40","119.94K","2.42%"
"09/18/2023","16.50","16.40","16.50","16.40","10.14K","-0.60%"
"09/15/2023","16.60","16.80","16.80","16.20","27.61K","0.61%"
"09/14/2023","16.50","16.90","16.90","16.40","1.63K","-0.60%"
"09/13/2023","16.60","16.70","16.90","16.50","3.20K","0.61%"
"09/12/2023","16.50","16.50","16.90","16.40","37.89K","1.23%"
"09/11/2023","16.30","17.00","17.00","16.20","15.21K","-1.21%"
"09/08/2023","16.50","17.00","17.00","16.40","3.02K","-1.79%"
"09/07/2023","16.80","16.40","16.80","16.20","107.09K","4.35%"
"09/06/2023","16.10","16.30","16.40","16.10","12.02K","-2.42%"
"09/05/2023","16.50","16.90","16.90","16.20","88.68K","0.00%"
"09/04/2023","16.50","16.90","16.90","16.40","11.58K","-4.07%"
"09/01/2023","17.20","16.40","17.20","16.40","126.66K","4.88%"
"08/31/2023","16.40","16.60","16.60","16.30","53.87K","-1.80%"
"08/29/2023","16.70","17.10","17.20","16.60","10.16K","-1.76%"
"08/28/2023","17.00","16.40","17.50","16.40","275.77K","4.29%"
"08/25/2023","16.30","15.70","16.40","15.70","5.77K","0.62%"
"08/24/2023","16.20","16.10","16.20","15.90","251.50K","1.25%"
"08/23/2023","16.00","15.90","16.10","15.70","203.15K","0.00%"
"08/22/2023","16.00","16.00","16.00","15.10","29.68K","-1.23%"
"08/21/2023","16.20","16.00","16.20","15.80","135.78K","1.25%"
"08/18/2023","16.00","15.60","16.10","15.60","474.87K","-1.84%"
"08/17/2023","16.30","16.00","16.60","16.00","452.02K","5.16%"
"08/16/2023","15.50","15.40","16.00","15.40","177.25K","0.65%"
"08/15/2023","15.40","15.40","16.40","15.30","16.36K","-2.53%"
"08/14/2023","15.80","15.50","15.80","15.20","306.80K","3.95%"
"08/11/2023","15.20","15.30","15.70","15.20","13.57K","-3.18%"
"08/10/2023","15.70","15.50","15.70","15.20","87.81K","0.00%"
"08/09/2023","15.70","15.90","15.90","15.00","170.41K","-1.26%"
"08/08/2023","15.90","15.70","15.90","15.60","151.82K","-0.63%"
"08/07/2023","16.00","15.80","16.20","15.60","295.45K","0.63%"
"08/04/2023","15.90","16.00","16.40","15.80","100.55K","-3.64%"
"08/03/2023","16.50","16.30","16.80","15.80","63.12K","1.23%"
"08/02/2023","16.30","15.60","16.30","15.60","908.65K","0.00%"
"07/31/2023","16.30","16.50","16.50","16.10","361.98K","-0.61%"
"07/28/2023","16.40","15.40","16.40","15.00","400.47K","5.81%"
"07/27/2023","15.50","15.50","15.60","15.50","11.16K","0.00%"
"07/26/2023","15.50","15.90","15.90","15.50","16.27K","0.00%"
"07/25/2023","15.50","15.50","15.80","15.50","83.39K","-0.64%"
"07/24/2023","15.60","15.50","15.90","15.50","90.70K","-0.64%"
"07/21/2023","15.70","15.60","15.80","15.50","138.11K","-1.88%"
"07/20/2023","16.00","16.20","16.20","15.60","107.21K","0.63%"
"07/19/2023","15.90","16.10","16.50","15.90","221.52K","-1.24%"
"07/18/2023","16.10","16.50","16.50","15.90","158.53K","-0.62%"
"07/17/2023","16.20","16.40","16.50","16.10","135.73K","-1.82%"
"07/14/2023","16.50","16.40","16.50","16.30","43.18K","0.00%"
"07/13/2023","16.50","16.30","16.70","16.30","80.93K","-1.20%"
"07/12/2023","16.70","16.50","16.80","16.40","327.60K","1.21%"
"07/11/2023","16.50","16.60","16.90","16.10","286.91K","-0.60%"
"07/10/2023","16.60","16.90","17.40","16.50","50.77K","-0.60%"
"07/07/2023","16.70","15.80","17.00","15.80","631.55K","5.03%"
"07/06/2023","15.90","15.70","15.90","15.20","107.03K","2.58%"
"07/05/2023","15.50","16.00","16.50","15.00","235.42K","-2.52%"
"07/04/2023","15.90","14.30","16.00","14.30","1.16M","11.97%"
"06/28/2023","14.20","13.90","14.20","13.70","110.90K","2.16%"
"06/27/2023","13.90","14.00","14.10","13.60","69.69K","-0.71%"
"06/26/2023","14.00","13.50","14.10","13.20","184.90K","2.94%"
"06/23/2023","13.60","13.70","13.70","13.60","3.89K","-0.73%"
"06/22/2023","13.70","13.70","13.70","13.60","14.20K","-1.44%"
"06/21/2023","13.90","13.60","13.90","13.60","4.94K","0.00%"
"06/20/2023","13.90","13.70","14.00","13.60","0.48K","0.00%"
"06/19/2023","13.90","13.70","13.90","13.70","6.89K","1.46%"
"06/16/2023","13.70","14.20","14.20","13.70","4.73K","-4.86%"
"06/15/2023","14.40","14.70","15.00","14.10","126.57K","-0.69%"
"06/14/2023","14.50","13.30","14.50","13.30","252.35K","8.21%"
"06/13/2023","13.40","13.40","14.00","13.40","15.97K","-4.29%"
"06/12/2023","14.00","13.00","14.00","13.00","98.86K","7.69%"
"06/09/2023","13.00","13.00","13.20","13.00","28.50K","0.00%"
"06/08/2023","13.00","13.00","13.20","12.80","105.32K","0.00%"
"06/07/2023","13.00","13.40","13.40","12.90","5.60K","-3.70%"
"06/06/2023","13.50","13.50","13.50","13.50","0.10K","3.05%"
"06/05/2023","13.10","13.00","13.20","12.80","80.06K","-0.76%"
"06/02/2023","13.20","12.60","13.20","12.60","81.31K","0.00%"
"06/01/2023","13.20","13.00","13.20","12.60","73.24K","2.33%"
"05/31/2023","12.90","12.60","12.90","12.50","12.58K","2.38%"
"05/30/2023","12.60","12.70","12.70","12.40","40.83K","-0.79%"
"05/29/2023","12.70","13.20","13.20","12.50","124.95K","-2.31%"
"05/26/2023","13.00","12.50","13.20","12.50","54.65K","0.00%"
"05/25/2023","13.00","12.40","13.20","12.20","195.64K","2.36%"
"05/24/2023","12.70","12.50","12.80","12.30","2.61K","5.83%"
"05/23/2023","12.00","12.00","12.40","12.00","64.14K","-4.76%"
"05/22/2023","12.60","11.40","12.60","11.40","305.91K","12.50%"
"05/19/2023","11.20","11.40","11.40","11.00","33.70K","-1.75%"
"05/18/2023","11.40","11.40","11.40","11.10","2.80K","3.64%"
"05/17/2023","11.00","10.90","11.40","10.90","9.26K","-3.51%"
"05/16/2023","11.40","11.90","11.90","11.00","103.61K","-0.87%"
"05/15/2023","11.50","11.90","11.90","11.50","12.86K","-3.36%"
"05/12/2023","11.90","12.00","12.00","11.00","76.78K","-4.03%"
"05/11/2023","12.40","12.40","12.90","12.20","24.76K","0.00%"
"05/10/2023","12.40","13.30","13.30","12.40","19.43K","-5.34%"
"05/09/2023","13.10","13.30","13.30","12.50","3.84K","-0.76%"
"05/08/2023","13.20","12.50","13.90","12.50","182.43K","-3.65%"
"05/04/2023","13.70","13.70","13.70","13.70","1.50K","5.38%"
"05/03/2023","13.00","12.50","14.00","12.50","12.48K","0.78%"
"05/02/2023","12.90","13.70","13.70","12.60","55.30K","-5.15%"
"04/28/2023","13.60","13.60","13.90","13.60","15.68K","-2.86%"
"04/27/2023","14.00","14.10","14.50","13.90","37.02K","-6.04%"
"04/26/2023","14.90","15.00","15.00","14.10","23.81K","4.20%"
"04/25/2023","14.30","14.50","15.50","14.10","61.59K","-4.67%"
"04/24/2023","15.00","14.60","15.10","14.60","66.68K","2.04%"
"04/21/2023","14.70","15.00","15.00","14.70","15.03K","-2.65%"
"04/20/2023","15.10","15.00","15.10","14.70","171.62K","0.67%"
"04/19/2023","15.00","15.30","15.30","14.70","4.22K","-0.66%"
"04/18/2023","15.10","14.90","15.50","14.50","150.91K","-1.31%"
"04/17/2023","15.30","15.30","15.80","15.30","114.09K","0.00%"
"04/12/2023","15.30","15.00","15.30","14.80","1.80M","2.68%"
"04/11/2023","14.90","14.50","14.90","14.50","36.64K","2.76%"
"04/10/2023","14.50","14.60","15.00","14.30","76.00K","-0.68%"
"04/06/2023","14.60","14.80","14.80","14.30","95.47K","-2.01%"
"04/04/2023","14.90","14.60","15.10","14.60","16.28K","-0.67%"
"04/03/2023","15.00","15.00","15.00","14.80","18.74K","0.00%"
"03/31/2023","15.00","15.00","15.30","14.80","29.34K","-0.66%"
"03/30/2023","15.10","15.50","15.50","15.00","87.38K","-1.31%"
"03/29/2023","15.30","14.50","15.70","14.00","663.59K","5.52%"
"03/28/2023","14.50","14.60","14.60","14.10","397.46K","-1.36%"
"03/27/2023","14.70","14.90","15.10","14.60","368.07K","-2.00%"
"03/24/2023","15.00","14.80","15.30","14.60","242.68K","0.67%"
"03/23/2023","14.90","15.20","15.60","14.80","275.66K","0.68%"
"03/22/2023","14.80","13.60","15.40","13.50","1.83M","8.82%"
"03/21/2023","13.60","13.60","13.70","13.30","41.75K","0.00%"
"03/20/2023","13.60","13.20","13.80","13.20","150.71K","3.03%"
"03/17/2023","13.20","13.00","13.40","12.70","1.03M","2.33%"
"03/16/2023","12.90","12.00","13.40","12.00","226.87K","7.50%"
"03/15/2023","12.00","12.20","12.60","12.00","82.93K","-1.64%"
"03/14/2023","12.20","12.50","12.60","12.20","79.37K","-1.61%"
"03/13/2023","12.40","12.70","12.80","12.00","173.22K","-0.80%"
"03/10/2023","12.50","13.10","13.10","12.50","130.85K","-3.85%"
"03/09/2023","13.00","12.80","13.10","12.40","209.32K","4.00%"
"03/08/2023","12.50","12.00","13.10","12.00","255.32K","3.31%"
"03/07/2023","12.10","12.40","12.40","12.00","312.48K","-1.63%"
"03/03/2023","12.30","12.20","12.70","12.20","235.67K","0.82%"
"03/02/2023","12.20","12.00","12.50","12.00","137.69K","1.67%"
"03/01/2023","12.00","12.10","12.30","12.00","15.99K","-1.64%"
"02/28/2023","12.20","11.50","12.30","11.50","144.65K","3.39%"
"02/27/2023","11.80","11.10","12.30","11.10","178.09K","-2.48%"
"02/24/2023","12.10","11.10","12.20","11.10","554.88K","5.22%"
"02/23/2023","11.50","11.20","11.60","11.00","162.28K","2.68%"
"02/22/2023","11.20","10.50","12.00","10.50","348.22K","5.66%"
"02/21/2023","10.60","10.70","10.70","10.20","13.87K","-2.75%"
"02/20/2023","10.90","9.60","10.90","9.60","279.53K","9.00%"
"02/17/2023","10.00","10.00","10.10","9.80","119.72K","0.00%"
"02/16/2023","10.00","9.60","10.20","9.60","388.89K","3.09%"
"02/15/2023","9.70","9.90","10.10","9.70","114.70K","-1.02%"
"02/14/2023","9.80","9.80","9.80","9.70","196.52K","0.00%"
"02/13/2023","9.80","9.80","10.00","9.70","193.51K","-2.97%"
"02/10/2023","10.10","10.00","10.10","9.80","109.90K","1.00%"
"02/09/2023","10.00","10.10","10.10","9.80","319.04K","-0.99%"
"02/08/2023","10.10","10.00","10.20","9.60","240.90K","-0.98%"
"02/07/2023","10.20","9.50","10.50","9.40","1.27M","7.37%"
"02/06/2023","9.50","9.10","9.50","9.10","689.17K","2.15%"
"02/03/2023","9.30","9.10","9.30","9.00","403.65K","3.33%"
"02/02/2023","9.00","9.10","9.20","8.90","342.39K","-1.10%"
"02/01/2023","9.10","9.10","9.10","8.90","25.00K","1.11%"
"01/31/2023","9.00","9.10","9.10","8.90","7.46K","0.00%"
"01/30/2023","9.00","8.80","9.00","8.80","37.96K","0.00%"
"01/27/2023","9.00","9.00","9.10","8.90","9.18K","0.00%"
"01/26/2023","9.00","8.90","9.10","8.80","41.39K","1.12%"
"01/25/2023","8.90","8.80","9.00","8.80","17.86K","-1.11%"
"01/24/2023","9.00","9.10","9.10","8.90","47.28K","0.00%"
"01/23/2023","9.00","8.90","9.20","8.60","55.11K","2.27%"
"01/20/2023","8.80","8.60","8.80","8.60","94.07K","1.15%"
"01/19/2023","8.70","8.70","8.70","8.40","26.83K","2.35%"
"01/18/2023","8.50","8.60","8.70","8.50","1.47K","-5.56%"
"01/17/2023","9.00","8.60","9.00","8.50","39.46K","4.65%"
"01/13/2023","8.60","8.50","8.70","8.50","12.23K","0.00%"
"01/12/2023","8.60","8.60","8.60","8.60","8.10K","0.00%"
"01/11/2023","8.60","8.70","8.70","8.50","2.82K","-1.15%"
"01/10/2023","8.70","8.50","8.90","8.50","17.13K","2.35%"
"01/09/2023","8.50","9.00","9.00","8.50","29.79K","-2.30%"
"01/05/2023","8.70","8.60","9.40","8.60","58.98K","4.82%"
"01/04/2023","8.30","8.60","8.60","8.20","29.56K","-3.49%"
"01/03/2023","8.60","8.60","8.60","8.40","45.87K","-1.15%"
"01/02/2023","8.70","8.50","8.70","8.50","33.88K","2.35%"
"12/30/2022","8.50","8.50","8.60","8.30","53.09K","0.00%"
"12/29/2022","8.50","8.80","8.80","8.50","22.98K","1.19%"
"12/28/2022","8.40","8.60","9.00","8.40","30.65K","-2.33%"
"12/27/2022","8.60","8.60","8.80","8.60","20.83K","-1.15%"
"12/23/2022","8.70","8.60","8.80","8.50","7.97K","-1.14%"
"12/22/2022","8.80","8.80","8.80","8.60","3.75K","0.00%"
"12/21/2022","8.80","8.60","8.80","8.60","0.75K","-1.12%"
"12/20/2022","8.90","8.80","8.90","8.60","15.59K","2.30%"
"12/19/2022","8.70","8.80","9.00","8.70","67.02K","-1.14%"
"12/16/2022","8.80","8.90","8.90","8.80","4.51K","-2.22%"
"12/15/2022","9.00","9.00","9.00","8.90","10.89K","1.12%"
"12/14/2022","8.90","9.00","9.00","8.90","7.18K","-1.11%"
"12/13/2022","9.00","9.00","9.00","8.90","2.93K","1.12%"
"12/12/2022","8.90","9.00","9.00","8.70","118.81K","0.00%"
"12/09/2022","8.90","8.90","8.90","8.70","21.43K","2.30%"
"12/08/2022","8.70","9.00","9.00","8.70","71.80K","-2.25%"
"12/06/2022","8.90","9.00","9.00","8.90","173.50K","-1.11%"
"12/05/2022","9.00","9.00","9.10","9.00","217.60K","-1.10%"
"12/02/2022","9.10","9.00","9.10","9.00","48.80K","0.00%"
"12/01/2022","9.10","9.10","9.10","9.00","56.87K","1.11%"
"11/30/2022","9.00","9.10","9.20","9.00","131.74K","-2.17%"
"11/29/2022","9.20","9.10","9.20","8.90","34.18K","0.00%"
"11/28/2022","9.20","9.00","9.20","8.70","29.47K","1.10%"
"11/25/2022","9.10","9.00","9.40","9.00","43.52K","3.41%"
"11/24/2022","8.80","9.10","9.10","8.70","9.15K","-2.22%"
"11/23/2022","9.00","8.50","9.20","8.50","107.28K","5.88%"
"11/22/2022","8.50","8.30","8.50","8.10","28.34K","3.66%"
"11/21/2022","8.20","8.30","8.50","8.00","41.97K","-3.53%"
"11/18/2022","8.50","8.50","8.50","8.00","27.39K","-1.16%"
"11/17/2022","8.60","8.80","8.80","8.40","42.53K","-3.37%"
"11/16/2022","8.90","9.20","9.20","8.80","511.76K","0.00%"
"11/15/2022","8.90","9.20","9.20","8.90","5.41K","-5.32%"
"11/14/2022","9.40","9.20","9.40","9.20","0.66K","0.00%"
"11/11/2022","9.40","9.20","9.90","9.20","15.05K","4.44%"
"11/10/2022","9.00","8.90","9.00","8.90","12.13K","1.12%"
"11/09/2022","8.90","9.00","9.00","8.90","18.36K","-1.11%"
"11/08/2022","9.00","9.00","9.00","8.90","37.20K","1.12%"
"11/04/2022","8.90","9.00","9.00","8.90","3.37K","-1.11%"
"11/03/2022","9.00","9.10","9.10","8.60","38.45K","0.00%"
"11/02/2022","9.00","9.10","9.10","8.90","76.45K","1.12%"
"11/01/2022","8.90","9.10","9.10","8.90","32.18K","-2.20%"
"10/31/2022","9.10","9.00","9.10","9.00","15.91K","1.11%"
"10/28/2022","9.00","9.30","9.30","9.00","6.06K","-3.23%"
"10/27/2022","9.30","9.00","9.40","9.00","4.26K","2.20%"
"10/26/2022","9.10","9.30","9.30","9.00","15.13K","1.11%"
"10/25/2022","9.00","9.20","9.20","9.00","141.13K","-1.10%"
"10/21/2022","9.10","9.20","9.30","9.00","38.43K","-1.09%"
"10/20/2022","9.20","9.40","9.40","9.10","33.20K","-2.13%"
"10/19/2022","9.40","9.20","9.40","9.10","757.80K","1.08%"
"10/18/2022","9.30","9.40","9.40","9.10","102.01K","-1.06%"
"10/17/2022","9.40","9.50","9.50","9.10","22.97K","-1.05%"
"10/14/2022","9.50","9.50","9.60","9.20","88.37K","2.15%"
"10/13/2022","9.30","9.50","9.50","9.20","376.71K","2.20%"
"10/12/2022","9.10","9.00","9.50","8.90","337.50K","-1.09%"
"10/11/2022","9.20","9.20","9.40","9.00","261.57K","-2.13%"
"10/07/2022","9.40","9.40","9.40","9.10","174.65K","0.00%"
"10/06/2022","9.40","9.50","9.60","9.40","32.65K","-2.08%"
"10/05/2022","9.60","9.50","9.70","9.50","35.30K","1.05%"
"10/04/2022","9.50","9.70","9.70","9.30","83.97K","0.00%"
"10/03/2022","9.50","9.70","9.90","9.40","191.88K","-4.04%"
"09/30/2022","9.90","10.00","10.00","9.70","5.72K","2.06%"
"09/29/2022","9.70","9.80","9.90","9.70","151.01K","-2.02%"
"09/28/2022","9.90","9.70","10.00","9.70","30.52K","0.00%"
"09/27/2022","9.90","9.90","10.00","9.60","39.83K","1.02%"
"09/26/2022","9.80","9.90","10.10","9.70","68.50K","-1.01%"
"09/23/2022","9.90","10.10","10.10","9.90","73.35K","0.00%"
"09/22/2022","9.90","10.10","10.10","9.90","101.75K","-2.94%"
"09/21/2022","10.20","10.30","10.30","9.90","39.39K","2.00%"
"09/20/2022","10.00","10.20","10.30","9.90","86.63K","-3.85%"
"09/19/2022","10.40","10.50","10.50","9.90","144.43K","0.97%"
"09/16/2022","10.30","10.40","10.50","10.00","174.76K","0.98%"
"09/15/2022","10.20","10.30","10.50","9.80","207.29K","-0.97%"
"09/14/2022","10.30","10.30","10.40","10.00","210.41K","-0.96%"
"09/13/2022","10.40","10.40","10.50","10.10","210.32K","1.96%"
"09/12/2022","10.20","10.00","10.40","9.90","259.23K","3.03%"
"09/09/2022","9.90","10.00","10.00","9.80","256.20K","-1.00%"
"09/08/2022","10.00","9.80","10.10","9.70","143.87K","1.01%"
"09/07/2022","9.90","10.00","10.00","9.70","22.32K","0.00%"
"09/06/2022","9.90","10.00","10.00","9.60","105.10K","0.00%"
"09/05/2022","9.90","9.70","9.90","9.50","161.49K","2.06%"
"09/02/2022","9.70","10.00","10.10","9.70","191.78K","-2.02%"
"09/01/2022","9.90","9.90","10.20","9.80","181.57K","1.02%"
"08/31/2022","9.80","10.00","10.00","9.50","90.02K","0.00%"
"08/30/2022","9.80","10.00","10.00","9.50","90.11K","1.03%"
"08/29/2022","9.70","9.80","10.80","9.50","95.40K","2.11%"
"08/26/2022","9.50","9.40","9.80","9.40","137.35K","1.06%"
"08/25/2022","9.40","10.00","10.00","9.40","154.16K","-4.08%"
"08/24/2022","9.80","9.50","10.80","9.50","740.67K","4.26%"
"08/23/2022","9.40","9.50","9.60","9.40","264.41K","0.00%"
"08/22/2022","9.40","9.40","9.50","9.30","240.47K","0.00%"
"08/19/2022","9.40","9.40","9.40","9.10","30.19K","3.30%"
"08/18/2022","9.10","9.50","9.50","9.10","138.13K","-4.21%"
"08/17/2022","9.50","9.50","9.60","9.40","26.16K","-1.04%"
"08/16/2022","9.60","9.60","9.80","9.30","254.48K","2.13%"
"08/15/2022","9.40","9.70","10.00","9.20","336.32K","-3.09%"
"08/12/2022","9.70","9.80","10.00","9.50","304.05K","-3.00%"
"08/10/2022","10.00","9.70","10.00","9.50","217.16K","3.09%"
"08/09/2022","9.70","9.90","10.00","9.60","389.52K","-1.02%"
"08/08/2022","9.80","10.20","10.20","9.80","62.17K","-1.01%"
"08/05/2022","9.90","10.40","10.40","9.90","215.00K","-4.81%"
"08/04/2022","10.40","10.10","10.50","10.00","321.96K","5.05%"
"08/03/2022","9.90","10.40","10.40","9.80","327.30K","-2.94%"
"08/02/2022","10.20","10.30","10.60","10.00","156.69K","-0.97%"
"08/01/2022","10.30","10.40","10.70","9.80","74.32K","0.98%"
"07/29/2022","10.20","10.50","10.80","10.00","79.66K","-2.86%"
"07/28/2022","10.50","10.60","10.90","10.00","144.85K","5.00%"
"07/27/2022","10.00","10.60","10.90","10.00","35.95K","-6.54%"
"07/26/2022","10.70","11.20","11.80","10.60","593.70K","-4.46%"
"07/25/2022","11.20","10.70","12.40","10.30","1.93M","6.67%"
"07/22/2022","10.50","9.20","10.90","9.00","1.06M","16.67%"
"07/21/2022","9.00","8.50","9.20","8.30","749.69K","8.43%"
"07/20/2022","8.30","8.20","8.30","7.90","558.68K","2.47%"
"07/19/2022","8.10","8.10","8.10","7.90","400.26K","1.25%"
"07/18/2022","8.00","8.10","8.10","7.90","7.39K","0.00%"
"07/15/2022","8.00","7.90","8.10","7.80","448.86K","2.56%"
"07/14/2022","7.80","8.00","8.00","7.50","57.25K","-2.50%"
"07/12/2022","8.00","8.20","8.20","8.00","42.47K","1.27%"
"07/11/2022","7.90","8.10","8.30","7.90","64.72K","0.00%"
"07/08/2022","7.90","8.00","8.00","7.90","1.10K","5.33%"
"07/07/2022","7.50","7.80","7.80","7.40","34.31K","-3.85%"
"07/06/2022","7.80","8.00","8.00","7.40","113.94K","-4.88%"
"07/05/2022","8.20","8.50","8.50","7.90","219.75K","-2.38%"
"07/04/2022","8.40","8.60","8.80","8.40","33.45K","-2.33%"
"07/01/2022","8.60","8.50","8.80","8.50","17.54K","-2.27%"
"06/30/2022","8.80","9.00","9.00","8.70","5.40K","-1.12%"
"06/29/2022","8.90","8.60","8.90","8.50","29.82K","0.00%"
"06/28/2022","8.90","9.00","9.00","8.50","24.61K","3.49%"
"06/27/2022","8.60","9.30","9.30","8.60","172.37K","-2.27%"
"06/24/2022","8.80","8.90","9.10","8.80","97.29K","-3.30%"
"06/23/2022","9.10","8.90","9.10","8.70","311.66K","2.25%"
"06/22/2022","8.90","8.90","9.00","8.90","51.35K","0.00%"
"06/21/2022","8.90","8.90","9.00","8.60","36.61K","1.14%"
"06/20/2022","8.80","8.90","9.00","8.60","19.57K","-4.35%"
"06/17/2022","9.20","8.90","9.20","8.90","1.06K","3.37%"
"06/16/2022","8.90","9.30","9.30","8.90","25.63K","-3.26%"
"06/15/2022","9.20","9.30","9.30","9.00","52.03K","-1.08%"
"06/13/2022","9.30","9.80","9.80","9.30","39.72K","-2.11%"
"06/10/2022","9.50","9.90","9.90","9.50","33.61K","-1.04%"
"06/09/2022","9.60","9.80","10.00","9.60","38.78K","0.00%"
"06/08/2022","9.60","8.90","9.70","8.90","14.17K","6.67%"
"06/07/2022","9.00","8.90","9.00","8.80","27.70K","0.00%"
"06/06/2022","9.00","9.00","9.20","8.90","42.84K","-2.17%"
"06/03/2022","9.20","9.30","9.30","9.00","43.20K","1.10%"
"06/02/2022","9.10","9.20","9.30","9.10","67.41K","-1.09%"
"06/01/2022","9.20","9.00","9.50","9.00","19.11K","1.10%"
"05/31/2022","9.10","9.10","9.30","9.00","36.83K","1.11%"
"05/30/2022","9.00","9.70","9.70","9.00","243.98K","-6.25%"
"05/27/2022","9.60","9.50","9.70","9.50","6.81K","1.05%"
"05/26/2022","9.50","9.90","9.90","9.00","173.18K","-5.94%"
"05/25/2022","10.10","10.20","10.40","9.60","33.08K","1.00%"
"05/24/2022","10.00","10.80","10.80","9.60","140.11K","-4.76%"
"05/23/2022","10.50","10.50","10.90","10.00","105.28K","-0.94%"
"05/20/2022","10.60","11.00","11.00","10.40","23.08K","-2.75%"
"05/19/2022","10.90","11.90","11.90","10.90","184.70K","-0.91%"
"05/18/2022","11.00","12.00","12.00","10.90","133.67K","0.00%"
"05/17/2022","11.00","11.70","12.30","11.00","179.13K","-4.35%"
"05/13/2022","11.50","11.20","11.90","10.50","61.93K","5.50%"
"05/12/2022","10.90","10.90","11.20","10.50","56.84K","1.87%"
"05/09/2022","10.70","10.70","10.90","10.50","11.34K","2.88%"
"05/06/2022","10.40","10.10","10.90","10.00","37.59K","-4.59%"
"05/05/2022","10.90","11.90","11.90","10.10","13.24K","-6.84%"
"05/04/2022","11.70","12.00","12.00","11.70","5.26K","-2.50%"
"04/29/2022","12.00","12.50","12.50","11.90","59.57K","-6.98%"
"04/28/2022","12.90","12.30","13.80","12.10","3.21K","7.50%"
"04/27/2022","12.00","9.50","12.00","9.20","60.16K","33.33%"
"04/26/2022","9.00","9.90","9.90","9.00","44.60K","-15.09%"
"04/25/2022","10.60","10.90","10.90","10.60","45.78K","-11.67%"
"04/08/2022","12.00","12.00","12.40","11.80","222.77K","-6.25%"
"04/07/2022","12.80","13.10","13.10","12.20","69.32K","-2.29%"
"04/06/2022","13.10","14.40","14.60","13.10","45.20K","-6.43%"
"04/05/2022","14.00","14.00","14.40","13.80","74.74K","5.26%"
"04/04/2022","13.30","14.00","14.00","13.00","11.30K","-5.00%"
"04/01/2022","14.00","14.00","14.00","14.00","0.51K","-2.10%"
"03/31/2022","14.30","14.00","14.30","14.00","1.46K","4.38%"
"03/30/2022","13.70","14.00","14.30","13.50","25.01K","-6.16%"
"03/29/2022","14.60","15.70","15.80","14.00","105.27K","-7.01%"
"03/28/2022","15.70","16.10","16.10","15.70","20.73K","-1.88%"
"03/25/2022","16.00","17.00","17.00","16.00","32.48K","-3.03%"
"03/24/2022","16.50","16.70","16.70","16.40","11.45K","-2.37%"
"03/23/2022","16.90","16.90","16.90","16.70","5.47K","-0.59%"
"03/22/2022","17.00","17.00","17.00","16.40","4.62K","3.03%"
"03/21/2022","16.50","16.50","17.00","16.50","32.78K","0.00%"
"03/18/2022","16.50","16.00","17.30","16.00","28.99K","3.13%"
"03/16/2022","16.00","16.80","16.80","15.70","157.20K","-2.44%"
"03/15/2022","16.40","16.70","17.20","16.40","38.56K","-1.20%"
"03/14/2022","16.60","16.60","17.00","16.00","17.01K","-4.05%"
"03/11/2022","17.30","17.80","18.20","16.50","43.57K","-4.95%"
"03/10/2022","18.20","16.50","18.20","16.50","70.06K","14.47%"
"03/09/2022","15.90","17.20","18.00","15.70","181.34K","-5.36%"
"03/08/2022","16.80","18.00","18.00","16.50","148.07K","-6.15%"
"03/07/2022","17.90","18.50","19.90","17.90","249.40K","-5.29%"
"03/04/2022","18.90","18.50","19.00","18.00","64.42K","-0.53%"
"03/03/2022","19.00","19.20","19.70","18.90","87.42K","-4.52%"
"03/02/2022","19.90","21.20","21.20","19.10","57.48K","-0.50%"
"02/28/2022","20.00","19.80","20.80","19.30","247.03K","3.63%"
"02/25/2022","19.30","18.20","20.00","17.50","756.15K","7.22%"
"02/24/2022","18.00","21.00","22.50","18.00","372.25K","-13.88%"
"02/23/2022","20.90","21.40","21.40","18.50","179.65K","-0.48%"
"02/22/2022","21.00","22.00","22.00","20.70","135.34K","-4.55%"
"02/21/2022","22.00","23.20","23.20","21.00","422.30K","-5.17%"
"02/18/2022","23.20","23.70","24.00","23.00","137.67K","-1.69%"
"02/17/2022","23.60","24.00","24.20","23.00","237.01K","-1.26%"
"02/15/2022","23.90","24.60","24.80","23.00","1.33M","1.27%"
"02/14/2022","23.60","23.80","23.80","23.00","77.26K","-2.88%"
"02/11/2022","24.30","23.50","24.30","22.50","144.81K","3.85%"
"02/10/2022","23.40","22.00","23.40","22.00","97.77K","0.43%"
"02/09/2022","23.30","22.50","24.50","22.00","369.68K","2.19%"
"02/08/2022","22.80","23.30","24.00","22.60","176.27K","-1.72%"
"02/07/2022","23.20","23.80","24.00","23.10","64.59K","-3.33%"
"02/03/2022","24.00","23.50","24.20","23.00","181.47K","0.00%"
"02/02/2022","24.00","24.60","25.50","23.60","321.88K","-2.04%"
"02/01/2022","24.50","25.00","25.00","24.50","285.91K","-0.81%"
"01/31/2022","24.70","25.00","25.40","24.00","124.06K","-1.20%"
"01/28/2022","25.00","24.70","25.80","23.00","349.56K","0.00%"
"01/27/2022","25.00","26.00","26.10","24.00","252.23K","-2.72%"
"01/26/2022","25.70","25.20","26.30","25.20","561.44K","3.63%"
"01/25/2022","24.80","26.40","26.40","24.80","567.91K","-3.88%"
"01/24/2022","25.80","25.70","26.30","23.90","769.39K","-0.77%"
"01/21/2022","26.00","26.20","26.20","25.40","152.13K","-1.14%"
"01/20/2022","26.30","26.60","26.90","25.50","506.19K","-2.59%"
"01/19/2022","27.00","27.40","28.20","26.20","1.36M","-0.74%"
"01/18/2022","27.20","22.80","27.90","22.80","4.07M","19.82%"
"01/13/2022","22.70","23.90","23.90","21.50","914.20K","-2.99%"
"01/12/2022","23.40","23.60","24.00","23.00","598.73K","0.86%"
"01/11/2022","23.20","22.70","24.20","22.00","719.38K","0.87%"
"01/10/2022","23.00","26.00","26.00","22.60","1.42M","-9.80%"
"01/07/2022","25.50","22.50","25.70","22.50","5.81M","14.86%"
"01/06/2022","22.20","21.50","22.30","20.90","724.60K","3.26%"
"01/05/2022","21.50","21.80","22.20","21.10","725.40K","-0.92%"
"01/04/2022","21.70","23.00","23.40","21.50","777.87K","-3.56%"
"01/03/2022","22.50","20.00","23.70","19.90","3.71M","13.07%"
"12/31/2021","19.90","20.60","20.60","19.70","339.67K","-3.86%"
"12/30/2021","20.70","20.80","21.20","19.80","820.39K","2.48%"
"12/29/2021","20.20","19.00","20.80","19.00","1.88M","5.21%"
"12/28/2021","19.20","19.20","19.20","18.80","375.96K","0.52%"
"12/27/2021","19.10","19.40","19.70","18.80","806.69K","-1.55%"
"12/24/2021","19.40","19.30","19.60","19.20","315.10K","0.52%"
"12/23/2021","19.30","19.60","19.60","19.10","449.49K","-1.53%"
"12/22/2021","19.60","18.90","20.40","18.90","1.13M","3.16%"
"12/21/2021","19.00","19.90","19.90","17.90","547.89K","-2.56%"
"12/20/2021","19.50","18.30","20.50","18.30","5.78M","7.73%"
"12/17/2021","18.10","17.40","18.50","17.40","1.10M","4.02%"
"12/16/2021","17.40","17.20","17.60","17.10","247.00K","-0.57%"
"12/15/2021","17.50","17.50","17.60","17.00","99.26K","0.00%"
"12/14/2021","17.50","17.00","17.80","16.90","922.21K","3.55%"
"12/13/2021","16.90","17.20","17.30","16.90","935.02K","-1.17%"
"12/10/2021","17.10","17.20","17.30","16.80","118.27K","0.00%"
"12/09/2021","17.10","17.00","17.20","16.90","62.04K","-0.58%"
"12/08/2021","17.20","17.50","17.80","16.90","689.45K","1.18%"
"12/07/2021","17.00","16.10","17.70","15.90","503.16K","6.25%"
"12/06/2021","16.00","15.90","16.20","15.80","14.77K","1.27%"
"12/03/2021","15.80","16.00","16.00","15.80","116.42K","0.00%"
"12/02/2021","15.80","16.20","16.20","15.80","183.29K","-1.25%"
"12/01/2021","16.00","16.20","16.20","15.90","47.62K","-0.62%"
"11/30/2021","16.10","16.00","16.20","15.90","25.73K","1.26%"
"11/29/2021","15.90","16.40","16.40","15.80","114.80K","-1.85%"
"11/26/2021","16.20","16.10","16.40","15.90","110.23K","1.89%"
"11/25/2021","15.90","16.20","16.20","15.90","174.37K","-2.45%"
"11/24/2021","16.30","16.00","16.40","15.90","270.50K","0.62%"
"11/23/2021","16.20","16.10","16.20","16.00","92.90K","0.62%"
"11/22/2021","16.10","16.40","16.40","16.00","81.79K","-1.23%"
"11/19/2021","16.30","16.00","16.70","15.90","124.35K","0.62%"
"11/17/2021","16.20","16.20","16.70","16.00","125.95K","0.00%"
"11/16/2021","16.20","16.40","16.40","16.00","145.37K","0.00%"
"11/15/2021","16.20","16.40","16.50","15.70","1.22M","-4.14%"
"11/12/2021","16.90","17.00","17.30","16.90","79.39K","-0.59%"
"11/11/2021","17.00","16.90","17.30","16.90","445.88K","1.80%"
"11/10/2021","16.70","16.60","16.90","16.60","69.95K","0.60%"
"11/09/2021","16.60","16.70","16.90","16.60","107.69K","-1.78%"
"11/08/2021","16.90","17.20","17.20","16.70","78.02K","-0.59%"
"11/05/2021","17.00","17.10","17.30","17.00","23.86K","0.00%"
"11/03/2021","17.00","17.00","17.50","16.80","41.40K","0.00%"
"11/02/2021","17.00","17.30","17.50","17.00","107.56K","-1.16%"
"11/01/2021","17.20","17.50","17.80","17.10","73.42K","-1.15%"
"10/29/2021","17.40","17.50","17.60","17.10","100.13K","0.00%"
"10/28/2021","17.40","17.60","17.60","17.40","25.98K","-1.14%"
"10/27/2021","17.60","17.50","17.90","17.30","62.97K","1.73%"
"10/26/2021","17.30","17.60","17.80","17.20","205.61K","-2.26%"
"10/25/2021","17.70","17.00","18.00","16.90","442.91K","2.31%"
"10/22/2021","17.30","16.70","17.40","16.60","131.94K","4.85%"
"10/21/2021","16.50","17.00","17.00","16.50","49.24K","0.00%"
"10/18/2021","16.50","17.00","17.00","16.50","125.10K","-2.37%"
"10/15/2021","16.90","16.90","17.00","16.70","87.73K","0.60%"
"10/14/2021","16.80","16.70","16.90","16.40","119.59K","2.44%"
"10/13/2021","16.40","16.60","16.70","16.40","25.16K","-2.38%"
"10/12/2021","16.80","17.00","17.00","16.70","66.45K","-1.18%"
"10/11/2021","17.00","17.00","17.00","16.60","61.14K","0.00%"
"10/08/2021","17.00","16.70","17.00","16.50","93.07K","1.19%"
"10/07/2021","16.80","17.20","17.20","16.60","117.38K","-2.33%"
"10/06/2021","17.20","17.30","17.60","17.20","107.08K","1.18%"
"10/05/2021","17.00","16.60","17.70","16.50","414.34K","3.03%"
"10/04/2021","16.50","16.30","16.60","16.30","40.55K","1.23%"
"10/01/2021","16.30","16.40","16.50","16.20","74.82K","-0.61%"
"09/30/2021","16.40","16.50","16.50","16.30","65.14K","-0.61%"
"09/29/2021","16.50","16.40","16.80","16.20","242.71K","2.48%"
"09/28/2021","16.10","16.40","16.40","16.00","264.66K","0.63%"
"09/27/2021","16.00","16.30","16.50","16.00","181.02K","-1.84%"
"09/24/2021","16.30","16.30","16.40","16.00","27.38K","0.00%"
"09/23/2021","16.30","16.30","16.80","16.30","14.20K","1.87%"
"09/22/2021","16.00","16.50","16.60","15.90","602.21K","-2.44%"
"09/21/2021","16.40","17.00","17.00","16.10","49.83K","-2.96%"
"09/17/2021","16.90","16.50","16.90","16.40","229.08K","2.42%"
"09/16/2021","16.50","17.00","17.00","16.50","602.45K","-2.37%"
"09/15/2021","16.90","17.00","17.00","16.50","92.33K","-1.17%"
"09/14/2021","17.10","16.70","17.60","16.50","191.78K","2.40%"
"09/13/2021","16.70","17.00","17.30","16.60","71.53K","-1.76%"
"09/10/2021","17.00","17.00","18.10","16.90","1.45M","2.41%"
"09/09/2021","16.60","16.80","16.80","16.00","99.26K","1.22%"
"09/08/2021","16.40","16.50","17.00","15.90","375.23K","-0.61%"
"09/07/2021","16.50","16.80","17.00","16.50","10.36K","-2.37%"
"09/06/2021","16.90","17.00","17.40","16.90","129.32K","-0.59%"
"09/03/2021","17.00","17.50","17.60","16.80","177.96K","-1.73%"
"09/02/2021","17.30","16.20","17.30","16.10","534.56K","6.13%"
"09/01/2021","16.30","16.60","16.60","16.10","327.53K","-3.55%"
"08/31/2021","16.90","16.70","17.00","16.40","740.12K","1.20%"
"08/30/2021","16.70","16.70","16.90","16.10","242.18K","-1.18%"
"08/27/2021","16.90","17.10","17.10","16.40","426.53K","-0.59%"
"08/26/2021","17.00","17.10","17.10","16.50","345.90K","0.59%"
"08/25/2021","16.90","16.10","17.30","16.00","1.82M","5.62%"
"08/24/2021","16.00","16.20","16.30","15.90","728.92K","-1.84%"
"08/23/2021","16.30","16.70","16.70","16.00","336.53K","-2.40%"
"08/20/2021","16.70","16.70","17.10","16.50","225.65K","-1.18%"
"08/19/2021","16.90","16.90","17.00","16.80","103.05K","0.00%"
"08/18/2021","16.90","17.00","17.10","16.80","189.25K","-2.31%"
"08/17/2021","17.30","17.40","17.40","16.80","185.13K","1.76%"
"08/16/2021","17.00","17.00","17.50","17.00","10.80K","0.00%"
"08/13/2021","17.00","17.90","17.90","16.90","117.00K","-1.73%"
"08/12/2021","17.30","17.70","17.70","17.00","148.57K","-2.81%"
"08/11/2021","17.80","17.80","18.00","17.30","114.68K","3.49%"
"08/10/2021","17.20","17.50","17.50","17.00","419.84K","-1.71%"
"08/09/2021","17.50","17.60","17.80","17.40","28.20K","-1.13%"
"08/06/2021","17.70","17.50","17.90","17.50","110.68K","0.00%"
"08/05/2021","17.70","18.00","18.00","17.40","339.69K","-1.12%"
"08/04/2021","17.90","18.00","18.10","17.60","562.06K","-0.56%"
"08/03/2021","18.00","18.00","18.00","17.90","412.56K","-0.55%"
"08/02/2021","18.10","18.10","18.20","17.50","622.77K","0.56%"
"07/30/2021","18.00","18.50","18.50","18.00","184.42K","-1.10%"
"07/29/2021","18.20","18.30","18.40","18.00","223.00K","0.00%"
"07/28/2021","18.20","18.50","18.70","18.00","477.78K","-1.62%"
"07/27/2021","18.50","18.50","18.80","18.30","157.83K","0.00%"
"07/26/2021","18.50","18.80","18.80","18.50","133.89K","-1.07%"
"07/22/2021","18.70","19.00","19.00","18.60","147.79K","-1.58%"
"07/20/2021","19.00","19.10","19.10","18.80","365.45K","-0.52%"
"07/19/2021","19.10","18.70","19.20","18.70","1.06M","2.14%"
"07/16/2021","18.70","18.50","19.20","18.40","8.18M","2.19%"
"07/15/2021","18.30","18.10","18.50","18.00","149.91K","1.67%"
"07/14/2021","18.00","18.00","18.30","18.00","43.78K","0.00%"
"07/13/2021","18.00","17.80","18.10","17.60","48.84K","0.00%"
"07/12/2021","18.00","18.30","18.40","17.80","58.20K","-1.64%"
"07/09/2021","18.30","17.90","18.40","17.80","186.84K","2.81%"
"07/08/2021","17.80","17.80","18.30","17.70","15.51K","0.56%"
"07/07/2021","17.70","18.40","18.40","17.70","26.39K","0.00%"
"07/06/2021","17.70","18.30","18.40","17.60","58.14K","-1.12%"
"07/05/2021","17.90","17.90","18.90","17.80","644.67K","0.00%"
"07/02/2021","17.90","17.80","17.90","17.10","127.10K","2.29%"
"07/01/2021","17.50","17.50","17.50","17.10","10.43K","0.00%"
"06/30/2021","17.50","17.60","17.60","17.00","120.26K","0.00%"
"06/29/2021","17.50","17.80","17.80","17.50","114.67K","-1.69%"
"06/28/2021","17.80","18.00","18.00","17.80","141.95K","-1.11%"
"06/25/2021","18.00","18.00","18.40","18.00","158.54K","0.00%"
"06/23/2021","18.00","18.00","18.40","17.90","126.09K","0.00%"
"06/22/2021","18.00","18.50","18.50","18.00","127.79K","-2.70%"
"06/21/2021","18.50","18.60","18.60","18.30","12.99K","-1.07%"
"06/18/2021","18.70","18.50","18.80","18.50","135.73K","1.08%"
"06/17/2021","18.50","18.50","18.90","18.40","110.99K","-0.54%"
"06/16/2021","18.60","18.70","18.80","18.40","136.82K","0.00%"
"06/15/2021","18.60","18.60","18.70","18.30","326.11K","-0.53%"
"06/14/2021","18.70","18.90","18.90","18.50","58.42K","-1.06%"
"06/11/2021","18.90","19.00","19.00","18.60","96.48K","0.00%"
"06/10/2021","18.90","18.70","19.00","18.50","584.06K","0.53%"
"06/09/2021","18.80","18.70","18.80","18.50","188.68K","0.00%"
"06/08/2021","18.80","19.00","19.00","18.70","133.75K","-1.05%"
"06/07/2021","19.00","19.00","19.10","18.70","287.59K","0.53%"
"06/04/2021","18.90","19.00","19.00","18.60","275.66K","0.00%"
"06/03/2021","18.90","19.00","19.00","18.70","29.25K","-0.53%"
"06/02/2021","19.00","19.20","19.20","18.20","113.39K","-1.04%"
"06/01/2021","19.20","19.30","19.50","18.70","225.29K","-1.03%"
"05/31/2021","19.40","18.80","19.50","18.50","143.26K","3.74%"
"05/28/2021","18.70","18.20","18.90","18.20","159.24K","1.08%"
"05/25/2021","18.50","18.30","19.10","18.30","159.27K","0.54%"
"05/24/2021","18.40","18.50","18.90","18.00","67.97K","-0.54%"
"05/21/2021","18.50","18.60","19.10","18.00","82.92K","-1.60%"
"05/20/2021","18.80","18.80","18.80","18.00","372.67K","-1.57%"
"05/19/2021","19.10","19.50","19.50","18.80","161.19K","-4.02%"
"05/18/2021","19.90","21.00","21.00","19.50","443.53K","-0.50%"
"05/17/2021","20.00","18.80","20.20","18.60","1.32M","7.53%"
"05/13/2021","18.60","18.10","18.70","18.00","21.20K","1.64%"
"05/12/2021","18.30","18.80","18.80","18.30","8.43K","-2.14%"
"05/11/2021","18.70","18.40","18.80","18.30","6.28K","2.75%"
"05/10/2021","18.20","18.60","18.90","18.20","38.92K","-3.70%"
"05/07/2021","18.90","18.60","19.00","18.60","52.12K","1.61%"
"05/06/2021","18.60","18.40","19.00","18.40","1.69K","-1.59%"
"05/05/2021","18.90","18.40","18.90","18.10","32.06K","2.16%"
"05/04/2021","18.50","18.80","18.80","18.20","33.39K","0.00%"
"05/03/2021","18.50","19.00","19.20","18.30","30.89K","-5.13%"
"04/30/2021","19.50","18.20","19.50","18.20","53.79K","2.63%"
"04/29/2021","19.00","18.80","19.00","18.00","21.38K","1.06%"
"04/28/2021","18.80","18.00","19.80","18.00","70.56K","5.03%"
"04/27/2021","17.90","17.50","18.40","17.10","125.55K","-5.79%"
"04/23/2021","19.00","19.00","20.00","18.80","55.64K","0.00%"
"04/22/2021","19.00","19.00","20.50","18.90","84.18K","-5.00%"
"04/21/2021","20.00","18.50","20.40","18.50","52.69K","5.26%"
"04/20/2021","19.00","21.20","21.20","18.80","172.61K","-8.65%"
"04/19/2021","20.80","21.30","21.30","20.50","251.06K","-2.35%"
"04/16/2021","21.30","21.50","21.50","20.00","405.61K","-0.47%"
"04/15/2021","21.40","20.50","21.50","20.50","620.66K","7.00%"
"04/12/2021","20.00","18.80","20.90","18.80","525.68K","6.95%"
"04/09/2021","18.70","17.90","20.00","17.90","1.10M","5.65%"
"04/08/2021","17.70","17.10","17.70","17.00","17.67K","1.14%"
"04/07/2021","17.50","17.70","18.50","17.10","30.18K","-1.13%"
"04/06/2021","17.70","17.50","17.70","17.00","49.84K","3.51%"
"04/05/2021","17.10","17.80","17.80","16.60","100.22K","-1.72%"
"04/01/2021","17.40","17.20","17.40","16.80","17.92K","1.16%"
"03/31/2021","17.20","17.80","17.80","16.90","21.65K","0.00%"
"03/30/2021","17.20","17.50","17.50","17.10","6.79K","-1.71%"
"03/29/2021","17.50","17.70","17.80","17.20","16.86K","2.94%"
"03/26/2021","17.00","17.00","17.40","16.90","264.75K","-0.58%"
"03/25/2021","17.10","17.50","17.50","17.00","205.42K","-2.29%"
"03/24/2021","17.50","17.50","18.90","17.00","59.08K","0.00%"
"03/23/2021","17.50","17.00","17.50","16.10","34.47K","1.16%"
"03/22/2021","17.30","17.00","17.40","17.00","35.87K","8.12%"
"03/19/2021","16.00","15.90","16.60","15.80","18.06K","-5.33%"
"03/18/2021","16.90","17.40","17.40","16.90","6.82K","-2.87%"
"03/17/2021","17.40","17.60","17.60","17.40","9.49K","-1.69%"
"03/16/2021","17.70","17.70","17.80","17.60","15.22K","0.57%"
"03/15/2021","17.60","18.50","18.50","17.60","14.15K","0.57%"
"03/12/2021","17.50","19.80","19.80","17.00","32.52K","2.94%"
"03/10/2021","17.00","17.10","18.00","16.40","84.33K","4.08%"
"03/04/2021","16.33","18.13","18.13","16.17","47.02K","-5.77%"
"03/03/2021","17.33","18.63","18.63","17.13","27.80K","-5.28%"
"03/02/2021","18.30","18.67","18.67","17.33","40.27K","-1.96%"
"03/01/2021","18.67","17.67","20.00","17.67","349.19K","5.66%"
"02/25/2021","17.67","16.80","18.00","16.67","60.59K","1.15%"
"02/24/2021","17.47","17.30","17.50","16.33","48.29K","5.43%"
"02/23/2021","16.57","17.80","17.80","16.37","49.97K","-6.93%"
"02/22/2021","17.80","18.17","18.17","16.67","142.13K","-2.91%"
"02/19/2021","18.33","18.60","18.93","18.33","48.88K","-1.26%"
"02/18/2021","18.57","18.93","19.30","18.00","20.96K","1.46%"
"02/17/2021","18.30","19.33","19.33","16.93","59.79K","-0.18%"
"02/16/2021","18.33","19.33","19.33","17.73","69.17K","-5.17%"
"02/15/2021","19.33","20.60","20.60","19.33","84.75K","-3.33%"
"02/12/2021","20.00","19.87","20.60","19.40","176.31K","1.69%"
"02/11/2021","19.67","19.50","20.50","17.70","179.48K","0.85%"
"02/10/2021","19.50","20.60","20.60","18.50","176.38K","-4.10%"
"02/09/2021","20.33","20.83","20.83","19.93","416.19K","-1.93%"
"02/08/2021","20.73","22.00","22.33","20.73","64.55K","-5.76%"
"02/05/2021","22.00","20.83","22.80","20.83","279.86K","5.60%"
"02/03/2021","20.83","21.67","22.83","19.67","186.77K","-2.34%"
"02/02/2021","21.33","23.17","23.17","20.07","255.82K","-4.48%"
"02/01/2021","22.33","23.33","23.33","22.17","91.62K","-3.60%"
"01/29/2021","23.17","24.67","24.67","22.33","184.37K","-6.08%"
"01/27/2021","24.67","25.33","25.67","24.33","190.80K","-3.77%"
"01/26/2021","25.63","26.27","26.27","25.00","542.21K","-1.66%"
"01/25/2021","26.07","26.63","26.63","25.30","333.17K","-1.01%"
"01/22/2021","26.33","28.67","28.67","25.43","1.20M","-4.24%"
"01/21/2021","27.50","23.33","27.50","23.33","4.31M","25.00%"
"01/20/2021","22.00","21.67","22.33","21.33","410.72K","3.13%"
"01/19/2021","21.33","22.33","22.50","20.73","725.41K","-4.76%"
"01/18/2021","22.40","23.33","23.37","22.00","398.00K","-1.90%"
"01/15/2021","22.83","23.00","23.30","22.57","1.21M","-0.58%"
"01/13/2021","22.97","23.33","23.67","21.83","908.14K","-1.29%"
"01/12/2021","23.27","20.63","23.33","20.50","3.05M","14.43%"
"01/11/2021","20.33","19.80","20.33","19.80","852.65K","3.39%"
"01/08/2021","19.67","19.17","20.13","19.17","671.74K","3.51%"
"01/07/2021","19.00","19.47","19.47","19.00","123.73K","-1.72%"
"01/06/2021","19.33","19.57","19.60","18.83","932.52K","0.00%"
"01/05/2021","19.33","18.90","19.67","18.87","918.72K","2.65%"
"01/04/2021","18.83","18.77","18.83","18.33","562.18K","2.73%"
"12/31/2020","18.33","18.27","18.93","17.93","97.46K","0.00%"
"12/30/2020","18.33","18.00","18.33","18.00","173.56K","1.85%"
"12/28/2020","18.00","18.33","18.33","18.00","76.12K","-1.82%"
"12/24/2020","18.33","18.33","18.60","18.33","129.17K","-1.26%"
"12/23/2020","18.57","18.00","18.63","17.97","374.48K","3.34%"
"12/22/2020","17.97","17.93","18.13","17.90","6.60K","-0.92%"
"12/21/2020","18.13","18.00","18.13","17.60","25.56K","0.74%"
"12/18/2020","18.00","18.20","18.20","17.93","182.40K","-1.10%"
"12/17/2020","18.20","18.50","18.50","18.20","123.52K","-2.50%"
"12/16/2020","18.67","18.70","18.70","18.03","131.23K","-1.06%"
"12/15/2020","18.87","18.67","19.30","18.63","65.87K","1.07%"
"12/14/2020","18.67","19.00","19.00","18.50","330.02K","-1.75%"
"12/11/2020","19.00","19.33","19.33","18.40","328.40K","-1.04%"
"12/10/2020","19.20","18.83","19.47","18.53","1.32M","2.13%"
"12/09/2020","18.80","18.17","19.00","17.67","1.01M","4.44%"
"12/08/2020","18.00","16.97","18.00","16.70","471.94K","7.78%"
"12/07/2020","16.70","16.67","17.30","16.67","168.38K","-0.20%"
"12/04/2020","16.73","16.67","17.00","16.50","43.08K","1.41%"
"12/03/2020","16.50","16.87","17.00","16.40","76.93K","-3.13%"
"12/02/2020","17.03","17.00","17.50","16.90","335.75K","0.39%"
"12/01/2020","16.97","16.83","16.97","16.50","181.71K","1.80%"
"11/30/2020","16.67","16.83","16.83","16.43","201.03K","-0.99%"
"11/27/2020","16.83","17.00","17.07","16.80","67.74K","-0.59%"
"11/26/2020","16.93","17.17","17.23","16.67","254.58K","0.79%"
"11/25/2020","16.80","16.63","17.00","16.33","225.16K","1.61%"
"11/24/2020","16.53","15.93","16.63","15.93","86.56K","2.90%"
"11/23/2020","16.07","16.23","16.63","16.00","129.17K","-1.63%"
"11/20/2020","16.33","16.00","16.50","15.83","63.53K","2.08%"
"11/19/2020","16.00","16.67","16.67","15.83","84.69K","-1.64%"
"11/18/2020","16.27","16.67","16.67","16.17","136.60K","-2.40%"
"11/17/2020","16.67","16.13","17.10","16.13","201.28K","0.00%"
"11/16/2020","16.67","16.67","16.67","16.00","101.69K","-0.99%"
"11/13/2020","16.83","16.73","17.33","16.50","348.99K","-1.94%"
"11/12/2020","17.17","17.60","17.60","16.73","309.30K","0.98%"
"11/11/2020","17.00","17.67","17.93","16.33","881.72K","-3.77%"
"11/10/2020","17.67","20.30","20.30","17.00","1.76M","-11.67%"
"11/09/2020","20.00","17.33","20.40","17.33","6.49M","22.45%"
"11/06/2020","16.33","15.83","16.67","15.50","2.89M","10.11%"
"11/05/2020","14.83","14.60","15.33","14.60","103.84K","5.45%"
"11/04/2020","14.07","14.00","15.33","14.00","39.11K","2.93%"
"11/03/2020","13.67","14.00","14.00","13.43","13.22K","1.23%"
"11/02/2020","13.50","14.00","14.00","13.40","5.10K","-3.57%"
"10/29/2020","14.00","13.37","14.33","13.33","10.46K","5.00%"
"10/28/2020","13.33","14.33","14.33","13.33","17.86K","-0.74%"
"10/27/2020","13.43","13.67","14.03","13.40","6.12K","-2.66%"
"10/26/2020","13.80","12.83","13.93","12.83","12.16K","-5.69%"
"10/23/2020","14.63","14.00","14.63","14.00","79.97K","0.23%"
"10/22/2020","14.60","13.67","14.60","13.03","20.72K","-0.23%"
"10/21/2020","14.63","14.67","14.93","13.67","77.44K","-1.57%"
"10/20/2020","14.87","15.10","15.10","14.87","42.48K","-3.04%"
"10/19/2020","15.33","15.60","15.67","15.23","145.96K","-1.71%"
"10/16/2020","15.60","15.27","16.00","15.03","242.43K","1.96%"
"10/15/2020","15.30","15.33","15.33","14.87","463.00K","0.88%"
"10/14/2020","15.17","14.67","15.50","14.33","432.76K","5.57%"
"10/13/2020","14.37","15.00","15.60","14.33","19.68K","-7.31%"
"10/12/2020","15.50","14.43","16.33","14.00","250.45K","10.71%"
"10/09/2020","14.00","14.47","14.87","13.83","132.89K","-3.23%"
"10/08/2020","14.47","13.67","14.60","13.63","186.94K","8.50%"
"10/07/2020","13.33","13.33","14.00","13.33","27.61K","0.00%"
"10/06/2020","13.33","12.17","14.00","12.00","419.51K","1.27%"
"10/05/2020","13.17","14.33","14.93","12.00","331.66K","-15.60%"
"10/02/2020","15.60","15.33","15.60","15.03","26.66K","0.86%"
"09/30/2020","15.47","15.43","15.67","15.33","139.95K","0.22%"
"09/29/2020","15.43","15.67","16.17","15.17","604.42K","-1.91%"
"09/28/2020","15.73","14.50","16.00","14.37","1.88M","11.06%"
"09/25/2020","14.17","14.07","14.57","14.07","48.55K","0.71%"
"09/24/2020","14.07","14.27","14.47","14.07","33.77K","-3.65%"
"09/23/2020","14.60","14.50","14.60","14.27","93.18K","0.69%"
"09/22/2020","14.50","14.67","14.67","14.33","84.12K","-0.68%"
"09/21/2020","14.60","14.33","14.83","14.03","164.36K","1.86%"
"09/18/2020","14.33","14.40","14.77","14.00","96.84K","-2.27%"
"09/17/2020","14.67","14.33","14.87","14.33","781.29K","3.29%"
"09/16/2020","14.20","14.17","14.63","14.00","588.12K","-1.84%"
"09/15/2020","14.47","14.00","14.47","13.50","715.16K","0.70%"
"09/14/2020","14.37","14.50","14.67","14.00","365.55K","0.23%"
"09/11/2020","14.33","13.33","14.50","13.33","763.02K","8.86%"
"09/10/2020","13.17","13.33","13.33","12.70","336.79K","1.28%"
"09/09/2020","13.00","12.37","13.00","12.20","633.95K","7.14%"
"09/08/2020","12.13","11.83","12.27","11.83","159.71K","0.55%"
"09/07/2020","12.07","11.50","12.10","11.50","573.98K","6.47%"
"09/04/2020","11.33","11.27","11.50","11.27","26.56K","0.29%"
"09/03/2020","11.30","11.20","11.30","11.20","64.99K","1.19%"
"09/02/2020","11.17","11.17","11.30","11.17","78.40K","0.30%"
"08/31/2020","11.13","10.97","11.13","10.90","31.52K","1.52%"
"08/28/2020","10.97","10.80","10.97","10.80","1.17K","-0.30%"
"08/27/2020","11.00","11.00","11.00","11.00","3.92K","0.00%"
"08/26/2020","11.00","11.10","11.10","11.00","1.28K","-0.30%"
"08/25/2020","11.03","11.10","11.10","10.93","46.76K","-0.60%"
"08/24/2020","11.10","11.00","11.17","10.97","19.68K","1.22%"
"08/21/2020","10.97","10.67","11.00","10.67","67.73K","1.54%"
"08/20/2020","10.80","10.77","10.93","10.77","55.78K","0.31%"
"08/19/2020","10.77","10.83","10.83","10.43","29.73K","2.54%"
"08/18/2020","10.50","10.67","10.90","10.50","40.65K","0.00%"
"08/17/2020","10.50","10.60","10.60","10.50","7.80K","-4.55%"
"08/14/2020","11.00","10.53","11.00","10.53","48.15K","4.10%"
"08/13/2020","10.57","10.67","10.67","10.57","4.74K","-0.94%"
"08/12/2020","10.67","10.73","10.97","10.57","38.05K","-0.31%"
"08/11/2020","10.70","10.83","11.00","10.67","32.34K","-2.73%"
"08/10/2020","11.00","11.17","11.17","10.67","89.36K","-1.49%"
"08/07/2020","11.17","11.20","11.20","10.67","133.50K","-1.18%"
"08/06/2020","11.30","11.27","11.33","11.10","88.38K","0.59%"
"08/05/2020","11.23","11.50","11.67","11.03","486.40K","-0.88%"
"08/04/2020","11.33","10.83","11.50","10.83","950.68K","6.25%"
"07/31/2020","10.67","9.50","10.67","9.33","825.84K","11.11%"
"07/30/2020","9.60","9.67","9.70","9.60","9.61K","-0.69%"
"07/29/2020","9.67","9.63","9.83","9.63","28.75K","-1.02%"
"07/28/2020","9.77","9.77","9.77","9.40","4.92K","0.69%"
"07/27/2020","9.70","9.63","9.83","9.63","159.22K","2.46%"
"07/24/2020","9.47","9.33","9.63","9.27","227.18K","2.90%"
"07/23/2020","9.20","8.73","9.33","8.67","146.20K","6.15%"
"07/22/2020","8.67","8.67","8.67","8.67","0.34K","-0.38%"
"07/21/2020","8.70","8.70","8.70","8.67","15.47K","-0.76%"
"07/20/2020","8.77","8.70","8.77","8.70","3.17K","5.20%"
"07/17/2020","8.33","8.33","8.67","8.33","39.21K","0.00%"
"07/16/2020","8.33","8.23","8.33","8.23","32.75K","2.04%"
"07/15/2020","8.17","8.33","8.33","8.17","138.15K","-2.00%"
"07/14/2020","8.33","8.50","8.67","8.33","188.41K","2.04%"
"07/13/2020","8.17","8.33","8.53","7.80","48.33K","-5.77%"
"07/10/2020","8.67","9.03","9.13","8.50","79.07K","-7.14%"
"07/09/2020","9.33","9.57","10.00","8.90","39.53K","3.70%"
"07/08/2020","9.00","9.07","9.10","8.97","46.23K","-0.74%"
"07/07/2020","9.07","9.43","9.43","9.07","15.15K","-2.86%"
"07/06/2020","9.33","9.00","9.43","9.00","58.09K","3.70%"
"07/03/2020","9.00","9.50","9.63","9.00","54.68K","-5.26%"
"07/02/2020","9.50","9.10","9.50","9.10","65.58K","4.40%"
"07/01/2020","9.10","9.13","9.17","9.00","93.11K","1.11%"
"06/30/2020","9.00","8.80","9.23","8.80","95.85K","2.27%"
"06/29/2020","8.80","8.47","9.00","8.47","68.95K","5.60%"
"06/26/2020","8.33","8.33","8.43","8.23","24.49K","2.04%"
"06/25/2020","8.17","8.47","8.47","8.17","31.52K","-3.54%"
"06/24/2020","8.47","8.43","8.67","8.30","45.76K","0.00%"
"06/23/2020","8.47","8.17","8.60","8.17","99.79K","2.42%"
"06/22/2020","8.27","8.17","8.67","8.10","104.59K","0.00%"
"06/19/2020","8.27","8.33","8.33","8.10","37.53K","-0.80%"
"06/18/2020","8.33","8.33","8.33","8.27","25.13K","2.46%"
"06/17/2020","8.13","8.33","8.33","8.13","33.30K","0.00%"
"06/16/2020","8.13","8.23","8.23","8.13","12.45K","-1.61%"
"06/15/2020","8.27","8.30","8.30","8.27","5.38K","-0.80%"
"06/12/2020","8.33","8.33","8.47","8.33","4.86K","0.00%"
"06/11/2020","8.33","8.53","8.53","8.23","49.17K","-3.10%"
"06/10/2020","8.60","8.60","8.60","8.57","25.85K","0.00%"
"06/09/2020","8.60","8.80","8.80","8.50","40.90K","-2.27%"
"06/08/2020","8.80","8.80","8.83","8.80","17.45K","-0.38%"
"06/03/2020","8.83","8.83","8.83","8.83","3.00K","-0.38%"
"06/02/2020","8.87","8.87","8.87","8.87","5.07K","-0.37%"
"06/01/2020","8.90","9.00","9.00","8.87","2.13K","-1.11%"
"05/29/2020","9.00","9.03","9.03","9.00","7.67K","-1.82%"
"05/28/2020","9.17","9.03","9.20","9.00","6.01K","1.48%"
"05/27/2020","9.03","9.00","9.03","9.00","0.68K","-1.45%"
"05/26/2020","9.17","9.33","9.33","9.00","17.60K","-1.79%"
"05/22/2020","9.33","9.30","9.50","9.30","8.28K","0.36%"
"05/21/2020","9.30","9.00","9.33","9.00","20.78K","3.72%"
"05/20/2020","8.97","9.33","9.33","8.97","2.55K","3.46%"
"05/19/2020","8.67","8.30","8.67","8.30","23.09K","4.42%"
"05/18/2020","8.30","7.30","8.30","7.30","24.55K","13.18%"
"05/15/2020","7.33","7.33","7.33","7.33","0.15K","0.00%"
"05/14/2020","7.33","7.33","7.33","7.30","13.84K","0.00%"
"05/13/2020","7.33","7.17","7.33","7.17","3.50K","1.38%"
"05/12/2020","7.23","6.67","7.33","6.67","21.14K","8.50%"
"05/11/2020","6.67","6.67","6.67","6.67","11.08K","-0.50%"
"03/20/2020","6.70","7.40","7.40","6.70","6.00K","-16.25%"
"03/13/2020","8.00","7.67","8.33","7.50","19.12K","5.26%"
"03/12/2020","7.60","8.07","8.07","7.60","17.43K","-10.24%"
"03/11/2020","8.47","8.37","8.63","8.00","125.60K","5.83%"
"03/10/2020","8.00","8.40","8.97","7.53","138.10K","-11.11%"
"03/06/2020","9.00","9.03","9.90","9.00","20.02K","-3.57%"
"03/05/2020","9.33","10.00","10.00","9.10","7.64K","-3.78%"
"03/04/2020","9.70","10.00","10.00","9.67","36.44K","-3.00%"
"03/03/2020","10.00","10.60","10.90","10.00","29.75K","0.00%"
"03/02/2020","10.00","10.00","10.93","9.87","6.21K","0.00%"
"02/28/2020","10.00","11.30","11.30","10.00","54.24K","-6.25%"
"02/27/2020","10.67","10.67","10.67","10.67","0.60K","3.23%"
"02/26/2020","10.33","10.73","10.73","10.33","53.17K","-3.73%"
"02/25/2020","10.73","10.73","10.73","10.73","0.47K","-7.20%"
"02/24/2020","11.57","11.57","11.57","11.57","0.09K","8.10%"
"02/19/2020","10.70","10.67","10.90","10.67","54.68K","-2.73%"
"02/18/2020","11.00","11.50","11.63","10.53","19.93K","0.00%"
"02/17/2020","11.00","11.03","11.60","11.00","25.22K","-4.62%"
"02/14/2020","11.53","11.53","11.53","11.53","1.50K","-0.57%"
"02/13/2020","11.60","12.27","12.27","11.57","18.63K","0.58%"
"02/12/2020","11.53","11.43","12.00","10.93","122.39K","0.87%"
"02/11/2020","11.43","11.07","11.43","10.33","6.39K","0.00%"
"02/10/2020","11.43","11.50","11.67","11.43","29.07K","-2.28%"
"02/07/2020","11.70","11.70","11.70","11.70","9.03K","-2.50%"
"02/06/2020","12.00","12.00","12.30","11.93","148.32K","0.00%"
"02/05/2020","12.00","11.33","12.00","11.33","135.98K","5.88%"
"02/03/2020","11.33","11.17","11.33","11.17","7.50K","-2.58%"
"01/31/2020","11.63","11.67","11.67","11.17","3.63K","-0.29%"
"01/30/2020","11.67","11.33","11.67","11.33","0.90K","0.00%"
"01/29/2020","11.67","11.33","11.67","11.17","25.10K","2.94%"
"01/28/2020","11.33","11.00","11.67","11.00","31.19K","-2.86%"
"01/27/2020","11.67","12.00","12.03","11.67","98.02K","-2.78%"
"01/24/2020","12.00","11.90","12.30","11.83","28.56K","1.41%"
"01/23/2020","11.83","11.83","12.00","11.67","3.60K","1.43%"
"01/22/2020","11.67","11.67","11.67","11.33","58.91K","0.00%"
"01/21/2020","11.67","11.30","11.67","10.67","193.42K","6.06%"
"01/20/2020","11.00","11.30","11.30","10.53","6.76K","-4.07%"
"01/17/2020","11.47","11.47","11.47","11.47","0.00K","0.58%"
"01/16/2020","11.40","11.00","11.43","10.83","5.11K","-0.58%"
"01/14/2020","11.47","11.37","11.47","11.37","0.33K","0.88%"
"01/13/2020","11.37","10.57","11.37","10.57","3.00K","-0.87%"
"01/09/2020","11.47","10.83","11.50","10.40","1.22K","5.85%"
"01/08/2020","10.83","11.03","11.03","10.00","21.03K","-5.80%"
"01/07/2020","11.50","11.83","11.83","11.00","16.24K","0.29%"
"01/06/2020","11.47","11.50","11.83","11.17","85.12K","-3.10%"
"01/03/2020","11.83","11.57","11.83","11.57","0.91K","-0.56%"
"01/02/2020","11.90","11.97","11.97","11.50","7.08K","-0.56%"
"12/31/2019","11.97","11.83","12.00","11.67","84.05K","-0.28%"
"12/30/2019","12.00","12.17","12.17","11.77","12.21K","-2.17%"
"12/27/2019","12.27","12.20","12.27","11.70","3.40K","0.27%"
"12/26/2019","12.23","11.60","12.33","11.60","67.08K","5.16%"
"12/24/2019","11.63","11.50","11.63","11.40","4.27K","-1.69%"
"12/23/2019","11.83","11.83","11.83","11.83","0.03K","0.28%"
"12/20/2019","11.80","11.67","11.83","11.60","54.21K","1.14%"
"12/19/2019","11.67","11.50","11.77","11.50","158.00K","0.57%"
"12/18/2019","11.60","11.37","11.63","11.37","10.73K","0.87%"
"12/17/2019","11.50","11.83","11.83","11.33","127.51K","0.00%"
"12/16/2019","11.50","11.50","11.53","11.40","31.80K","0.00%"
"12/13/2019","11.50","12.17","12.17","11.50","35.70K","-2.54%"
"12/12/2019","11.80","11.97","11.97","11.63","88.10K","2.31%"
"12/10/2019","11.53","11.43","11.97","11.43","133.72K","1.17%"
"12/09/2019","11.40","12.33","12.33","11.40","114.08K","-5.00%"
"12/06/2019","12.00","12.00","12.47","12.00","23.36K","-0.28%"
"12/05/2019","12.03","12.67","13.13","12.00","74.70K","-3.73%"
"12/04/2019","12.50","12.33","12.83","12.33","172.78K","-0.79%"
"12/03/2019","12.60","11.17","12.80","11.17","199.97K","2.72%"
"12/02/2019","12.27","12.17","12.27","12.17","0.33K","-0.27%"
"11/29/2019","12.30","13.00","13.00","12.30","232.94K","-6.58%"
"11/28/2019","13.17","11.67","13.17","11.17","1.19M","18.26%"
"11/27/2019","11.13","10.67","11.30","10.17","206.45K","9.51%"
"11/26/2019","10.17","10.97","10.97","10.07","10.40K","0.99%"
"11/25/2019","10.07","10.63","10.90","10.07","22.61K","-7.08%"
"11/22/2019","10.83","10.50","11.33","10.00","488.17K","3.17%"
"11/21/2019","10.50","10.00","10.67","9.50","308.76K","12.50%"
"11/20/2019","9.33","9.23","9.83","9.23","82.08K","-1.75%"
"11/19/2019","9.50","9.63","9.67","9.17","37.11K","5.17%"
"11/18/2019","9.03","9.50","9.50","9.00","112.05K","1.50%"
"11/15/2019","8.90","9.00","9.00","8.90","17.46K","-3.96%"
"11/14/2019","9.27","9.27","9.30","9.00","29.40K","3.35%"
"11/13/2019","8.97","9.00","9.00","8.97","8.41K","-0.37%"
"11/08/2019","9.00","9.03","9.17","9.00","36.23K","0.00%"
"11/07/2019","9.00","9.17","9.17","9.00","3.54K","0.00%"
"11/06/2019","9.00","9.00","9.00","9.00","99.40K","0.00%"
"11/05/2019","9.00","9.07","9.40","9.00","150.02K","-1.10%"
"11/04/2019","9.10","9.17","9.17","9.00","93.07K","-3.53%"
"11/01/2019","9.43","9.50","9.50","9.00","45.09K","-0.70%"
"10/31/2019","9.50","9.33","9.50","9.00","130.79K","1.79%"
"10/30/2019","9.33","9.00","9.33","9.00","74.39K","3.70%"
"10/29/2019","9.00","9.00","9.00","9.00","24.04K","0.00%"
"10/28/2019","9.00","9.00","9.00","9.00","6.76K","-2.53%"
"10/25/2019","9.23","9.10","9.23","9.10","0.71K","2.59%"
"10/24/2019","9.00","9.00","9.00","9.00","0.02K","-3.23%"
"10/23/2019","9.30","9.30","9.30","9.30","0.12K","-0.36%"
"10/22/2019","9.33","9.30","9.47","9.30","7.09K","0.36%"
"10/21/2019","9.30","9.30","9.30","9.30","0.00K","6.49%"
"10/18/2019","8.73","9.00","9.27","8.73","6.01K","-3.68%"
"10/16/2019","9.07","9.50","9.50","9.00","11.25K","-1.81%"
"10/14/2019","9.23","9.17","9.23","9.00","54.95K","0.73%"
"10/11/2019","9.17","9.17","9.33","9.17","105.30K","1.85%"
"10/10/2019","9.00","9.00","9.33","8.97","87.39K","0.00%"
"10/09/2019","9.00","9.00","9.00","8.83","17.13K","0.00%"
"10/08/2019","9.00","9.00","9.00","9.00","0.30K","7.14%"
"10/07/2019","8.40","8.40","8.40","8.40","1.40K","-5.97%"
"10/03/2019","8.93","8.90","8.93","8.90","3.00K","7.20%"
"10/02/2019","8.33","8.33","8.33","8.33","11.44K","-7.41%"
"10/01/2019","9.00","9.00","9.00","9.00","1.50K","10.20%"
"09/30/2019","8.17","8.20","8.20","8.17","8.83K","0.41%"
"09/27/2019","8.13","8.13","8.13","8.13","0.15K","0.83%"
"09/24/2019","8.07","8.57","8.57","8.07","8.36K","-10.04%"
"09/23/2019","8.97","7.90","8.97","7.90","3.38K","-0.37%"
"09/19/2019","9.00","9.00","9.00","9.00","0.60K","0.00%"
"09/11/2019","9.00","9.00","9.00","9.00","1.50K","0.00%"
"09/10/2019","9.00","8.67","9.00","8.67","27.49K","-5.92%"
"09/09/2019","9.57","9.53","9.57","9.53","2.10K","6.30%"
"09/05/2019","9.00","8.83","9.00","8.83","8.33K","0.37%"
"09/04/2019","8.97","8.97","8.97","8.97","0.30K","3.46%"
"09/02/2019","8.67","9.03","9.03","8.67","65.03K","-4.06%"
"08/29/2019","9.03","9.00","9.03","9.00","4.52K","-6.23%"
"08/27/2019","9.63","9.63","9.63","9.63","0.30K","10.31%"
"08/26/2019","8.73","8.73","8.73","8.73","0.30K","-5.76%"
"08/22/2019","9.27","9.00","9.30","9.00","1.08K","2.96%"
"08/21/2019","9.00","9.00","9.17","9.00","5.85K","0.00%"
"08/20/2019","9.00","9.00","9.00","9.00","0.60K","-3.23%"
"08/19/2019","9.30","9.30","9.30","9.30","1.50K","6.90%"
"08/16/2019","8.70","9.30","9.30","8.70","3.15K","-10.00%"
"08/15/2019","9.67","9.33","9.67","9.33","3.90K","3.57%"
"08/13/2019","9.33","9.33","10.00","9.33","4.22K","3.70%"
"08/09/2019","9.00","9.00","9.27","9.00","9.60K","0.00%"
"08/08/2019","9.00","9.50","9.50","9.00","3.83K","-3.57%"
"08/07/2019","9.33","9.50","9.50","9.33","2.36K","6.46%"
"08/06/2019","8.77","8.73","8.77","8.73","5.42K","-6.41%"
"08/05/2019","9.37","9.47","9.50","9.33","21.99K","0.72%"
"08/02/2019","9.30","9.50","9.50","9.00","18.92K","-1.41%"
"08/01/2019","9.43","9.40","9.50","9.40","7.30K","0.35%"
"07/31/2019","9.40","9.63","10.00","9.37","19.20K","0.36%"
"07/30/2019","9.37","9.33","9.47","9.33","160.29K","0.36%"
"07/29/2019","9.33","9.33","9.47","9.17","186.39K","0.00%"
"07/26/2019","9.33","9.33","9.33","9.20","74.16K","0.00%"
"07/25/2019","9.33","9.30","9.33","9.27","17.82K","0.36%"
"07/24/2019","9.30","9.03","9.30","9.03","17.87K","3.33%"
"07/23/2019","9.00","8.87","9.03","8.83","37.94K","3.05%"
"07/22/2019","8.73","8.97","8.97","8.73","24.85K","-6.43%"
"07/19/2019","9.33","8.93","9.33","8.87","15.08K","7.28%"
"07/18/2019","8.70","9.13","9.17","8.70","8.44K","-4.04%"
"07/17/2019","9.07","9.10","9.17","8.67","35.87K","1.87%"
"07/15/2019","8.90","8.53","9.13","8.33","21.80K","4.71%"
"07/12/2019","8.50","8.20","8.63","8.17","6.04K","3.66%"
"07/11/2019","8.20","8.13","8.83","8.00","47.51K","0.82%"
"07/10/2019","8.13","8.13","8.13","8.13","0.30K","0.00%"
"07/09/2019","8.13","8.00","8.13","7.70","20.10K","2.95%"
"07/08/2019","7.90","7.87","7.90","7.87","0.62K","1.28%"
"07/05/2019","7.80","7.83","7.83","7.67","27.33K","0.43%"
"07/04/2019","7.77","7.50","7.77","7.50","101.47K","2.19%"
"07/03/2019","7.60","7.60","7.60","7.60","0.01K","3.64%"
"07/02/2019","7.33","7.53","7.53","7.33","0.21K","-1.79%"
"07/01/2019","7.47","7.47","7.47","7.47","0.18K","0.00%"
"06/28/2019","7.47","7.27","7.47","7.23","19.20K","2.75%"
"06/27/2019","7.27","7.27","7.30","7.27","12.84K","-3.11%"
"06/26/2019","7.50","7.33","7.57","7.33","2.06K","1.81%"
"06/25/2019","7.37","7.67","7.67","7.33","76.52K","-3.49%"
"06/24/2019","7.63","7.67","7.67","7.33","22.08K","4.09%"
"06/21/2019","7.33","7.67","7.67","7.33","17.48K","-0.90%"
"06/20/2019","7.40","7.50","7.50","7.33","28.08K","-1.33%"
"06/19/2019","7.50","7.43","7.50","7.33","12.80K","0.00%"
"06/18/2019","7.50","7.50","7.50","7.50","4.51K","0.00%"
"06/17/2019","7.50","7.67","7.67","7.50","7.47K","-2.17%"
"06/14/2019","7.67","7.67","7.67","7.63","22.68K","0.00%"
"06/13/2019","7.67","7.63","7.67","7.63","1.52K","0.00%"
"06/12/2019","7.67","7.70","7.73","7.67","127.97K","0.00%"
"06/11/2019","7.67","7.73","7.73","7.67","1.53K","1.77%"
"06/10/2019","7.53","7.73","7.73","7.53","12.93K","2.26%"
"06/07/2019","7.37","7.50","7.50","7.37","9.17K","-1.78%"
"06/06/2019","7.50","7.83","7.83","7.50","59.92K","-4.66%"
"06/04/2019","7.87","8.03","8.03","7.87","1.61K","-3.67%"
"06/03/2019","8.17","8.17","8.17","8.17","0.23K","1.66%"
"05/31/2019","8.03","8.03","8.03","8.03","0.00K","0.42%"
"05/30/2019","8.00","8.20","8.20","8.00","8.05K","0.00%"
"05/29/2019","8.00","8.20","8.20","8.00","18.42K","0.00%"
"05/28/2019","8.00","8.10","8.10","8.00","0.03K","-1.23%"
"05/27/2019","8.10","8.23","8.23","8.10","1.79K","-1.62%"
"05/24/2019","8.23","8.30","8.30","8.23","3.18K","-0.80%"
"05/23/2019","8.30","7.73","8.63","7.73","91.34K","7.33%"
"05/22/2019","7.73","8.10","8.33","7.73","63.96K","-7.20%"
"05/21/2019","8.33","7.70","9.00","7.70","6.35K","5.04%"
"05/16/2019","7.93","7.63","7.93","7.50","3.00K","-2.86%"
"05/15/2019","8.17","7.63","8.17","7.53","11.55K","6.52%"
"05/14/2019","7.67","7.70","7.70","7.67","0.36K","0.00%"
"05/13/2019","7.67","7.67","7.67","7.67","0.83K","0.00%"
"05/10/2019","7.67","8.03","8.03","7.67","12.12K","-4.17%"
"05/09/2019","8.00","8.33","8.33","8.00","20.25K","-5.88%"
"05/08/2019","8.50","8.50","8.50","8.50","0.30K","2.82%"
"05/07/2019","8.27","8.37","8.37","8.27","42.08K","-0.80%"
"05/06/2019","8.33","8.77","8.77","8.33","5.61K","-5.66%"
"05/03/2019","8.83","8.97","9.00","8.83","16.80K","-1.85%"
"04/30/2019","9.00","9.00","9.00","8.97","5.83K","0.00%"
"04/29/2019","9.00","9.00","9.00","9.00","3.11K","0.00%"
"04/26/2019","9.00","9.00","9.00","9.00","1.44K","0.00%"
"04/25/2019","9.00","9.00","9.00","9.00","0.30K","2.27%"
"04/24/2019","8.80","8.83","8.83","8.17","4.03K","-0.38%"
"04/23/2019","8.83","9.00","9.00","8.83","0.96K","-2.57%"
"04/18/2019","9.07","9.07","9.07","9.07","0.45K","0.74%"
"04/17/2019","9.00","9.00","9.00","9.00","2.10K","0.00%"
"04/16/2019","9.00","9.00","9.17","9.00","3.52K","1.89%"
"04/12/2019","8.83","8.87","8.87","8.83","0.50K","-2.21%"
"04/10/2019","9.03","9.03","9.03","9.03","0.00K","0.74%"
"04/09/2019","8.97","9.00","9.00","8.33","13.73K","-0.37%"
"04/08/2019","9.00","9.00","9.00","9.00","12.11K","-1.46%"
"04/04/2019","9.13","8.50","9.17","8.50","34.11K","7.45%"
"04/03/2019","8.50","8.50","8.50","8.50","39.27K","2.00%"
"04/02/2019","8.33","8.47","8.50","8.33","77.62K","-1.96%"
"04/01/2019","8.50","8.37","8.97","8.33","50.20K","2.00%"
"03/29/2019","8.33","8.67","8.67","8.33","0.99K","-3.85%"
"03/28/2019","8.67","8.83","8.83","8.67","0.10K","4.00%"
"03/27/2019","8.33","8.33","8.33","8.30","15.00K","-1.96%"
"03/26/2019","8.50","8.50","8.50","8.50","6.00K","0.39%"
"03/25/2019","8.47","8.33","8.50","8.33","2.75K","1.60%"
"03/22/2019","8.33","8.37","9.33","8.33","3.07K","-3.85%"
"03/21/2019","8.67","8.73","8.73","8.67","0.79K","4.00%"
"03/19/2019","8.33","8.67","8.67","8.33","10.50K","-3.10%"
"03/18/2019","8.60","8.63","8.63","8.60","0.21K","0.00%"
"03/15/2019","8.60","8.63","8.63","8.60","5.96K","-0.77%"
"03/14/2019","8.67","8.67","8.67","8.67","0.24K","0.00%"
"03/13/2019","8.67","8.67","8.67","8.67","0.08K","-2.99%"
"03/12/2019","8.93","8.33","8.97","8.17","3.29K","7.20%"
"03/11/2019","8.33","9.63","9.63","8.33","19.90K","-4.58%"
"03/08/2019","8.73","9.67","9.67","8.73","3.07K","-1.13%"
"03/07/2019","8.83","9.00","9.00","8.83","27.85K","-1.85%"
"03/06/2019","9.00","9.00","9.00","9.00","3.00K","0.37%"
"03/05/2019","8.97","8.97","8.97","8.97","1.27K","1.13%"
"03/01/2019","8.87","9.00","9.00","8.87","0.71K","-1.12%"
"02/28/2019","8.97","9.00","9.00","8.97","2.34K","-0.37%"
"02/27/2019","9.00","9.10","9.10","8.67","12.18K","-1.82%"
"02/26/2019","9.17","9.33","9.33","9.17","6.63K","-1.79%"
"02/25/2019","9.33","9.67","9.67","9.33","0.36K","1.82%"
"02/22/2019","9.17","9.20","9.20","9.17","4.57K","-1.08%"
"02/21/2019","9.27","9.27","9.60","9.27","1.93K","1.09%"
"02/20/2019","9.17","9.30","9.30","9.17","1.38K","-1.43%"
"02/18/2019","9.30","9.33","9.33","9.30","0.91K","-0.36%"
"02/13/2019","9.33","9.33","9.33","9.33","8.72K","-3.11%"
"02/12/2019","9.63","9.67","9.67","9.63","3.06K","-67.67%"
"02/11/2019","29.80","28.90","29.80","27.90","6.95K","3.11%"
"02/08/2019","28.90","29.70","30.00","28.90","6.11K","3.21%"
"02/07/2019","28.00","28.20","28.20","28.00","2.34K","0.00%"
"02/06/2019","28.00","29.00","29.90","28.00","0.46K","-6.35%"
"02/05/2019","29.90","29.00","30.00","29.00","0.73K","3.10%"
"02/01/2019","29.00","29.00","29.00","28.00","0.20K","0.00%"
"01/31/2019","29.00","29.20","29.20","29.00","2.33K","-2.36%"
"01/30/2019","29.70","28.00","29.70","28.00","0.64K","2.41%"
"01/29/2019","29.00","28.50","29.00","28.50","3.71K","3.57%"
"01/28/2019","28.00","29.50","29.90","28.00","7.02K","-3.45%"
"01/25/2019","29.00","29.30","29.30","29.00","1.38K","-1.02%"
"01/24/2019","29.30","27.90","29.30","27.90","0.05K","6.55%"
"01/21/2019","27.50","28.80","28.80","27.50","9.24K","-4.51%"
"01/18/2019","28.80","28.80","29.00","28.80","0.33K","-3.68%"
"01/16/2019","29.90","29.90","29.90","29.90","0.00K","3.82%"
"01/14/2019","28.80","29.00","29.00","28.80","0.06K","-3.68%"
"01/11/2019","29.90","29.90","29.90","29.90","0.00K","0.00%"
"01/09/2019","29.90","29.90","29.90","29.90","0.83K","3.10%"
"01/08/2019","29.00","30.00","30.00","29.00","0.47K","-3.33%"
"01/07/2019","30.00","30.00","30.00","30.00","0.04K","0.00%"
"01/04/2019","30.00","30.20","30.20","29.70","0.35K","1.69%"
"01/03/2019","29.50","29.00","29.50","29.00","0.45K","1.72%"
"01/02/2019","29.00","29.00","29.00","29.00","0.04K","-0.68%"